email,label
"Congratulations! You have won a $1000 prize. Click here to claim now.",Phishing
"Your bank account has been suspended. Verify your account immediately.",Phishing
"URGENT! Your password will expire today. Click the link to update it.",Phishing
"You have won a lottery. Send your bank details to receive your prize.",Phishing
"Click this link now to get your free gift.",Phishing
"Your account has been compromised. Verify your identity immediately.",Phishing
"Congratulations! You are selected for a cash reward. Claim now.",Phishing
"Your payment failed. Click here to update your payment information.",Phishing
"Security alert! Login immediately to prevent your account from being blocked.",Phishing
"Win a free iPhone now. Click the link and claim your reward.",Phishing
"Dear customer, your account needs verification. Please login immediately.",Phishing
"You have received a refund. Click here to provide your bank information.",Phishing
"Your email account will be deleted. Verify your password immediately.",Phishing
"Limited time offer! Click here to receive your free reward.",Phishing
"Urgent action required. Confirm your account details now.",Phishing
"Congratulations! You have been selected as a lucky winner.",Phishing
"Click here to claim your free vacation.",Phishing
"Your bank account has unusual activity. Login now to secure it.",Phishing
"Your subscription has expired. Enter your card details to renew it.",Phishing
"You won a special reward. Click the link to collect your money.",Phishing
"Hi, can we meet tomorrow to discuss our project?",Safe
"Please find the project report attached.",Safe
"Tomorrow's class will start at 10 AM.",Safe
"Can you send me the notes from today's lecture?",Safe
"Thank you for your help with the assignment.",Safe
"Please attend the project meeting at 2 PM.",Safe
"Your assignment submission deadline is Friday.",Safe
"Here is the presentation file we discussed.",Safe
"Let's meet in the library after class.",Safe
"Please review the document and give me your feedback.",Safe
"The football practice is scheduled for tomorrow evening.",Safe
"Can you share the project requirements with me?",Safe
"Your exam timetable has been published.",Safe
"Please submit your attendance details.",Safe
"Thank you for attending the meeting.",Safe
"The college will remain closed tomorrow.",Safe
"Please send me the updated project files.",Safe
"I have completed the database assignment.",Safe
"Let's discuss the project after lunch.",Safe
"Please check the attached document.",Safe